query,answer
What are the symptoms of What I need to know about Diverticular Disease ?,"Symptoms of Diverticular Disease can vary, but common signs include abdominal pain (often in the lower left side), bloating, constipation or diarrhea, and cramping. However, many people with diverticulosis (presence of diverticula without symptoms) do not experience any symptoms. In some cases, complications such as diverticulitis (inflammation of a diverticulum) can cause fever, chills, nausea, vomiting, and in severe cases, abscesses or perforations may occur. The exact pathogenesis of Diverticular Disease remains unclear, but it is believed to be related to dietary factors and aging."
Who is at risk for What I need to know about Diverticular Disease? ?,"Patients with diverticular disease are at a higher risk of developing pyogenic liver abscess (PLA). The risk is 2.44 times higher in the diverticular disease group compared to controls without the disorder, as shown by a study from Taiwan's National Health Insurance Research Database. This increased risk was observed regardless of whether patients had diverticulitis. Additionally, the highest adjusted hazard ratio for PLA was found in patients younger than 50 years old with diverticular disease. For more detailed information, I recommend referring to the original study mentioned."
What are the treatments for What I need to know about Diverticular Disease ?,"Treatments for diverticular disease primarily focus on managing symptoms and preventing complications. What is (are) Kidney Failure: Choosing a Treatment That's Right for You ?,"Kidney Failure, also known as End-Stage Renal Disease (ESRD), is a severe and chronic condition that occurs when the kidneys can no longer remove waste products from the blood effectively. This can be due to various causes such as diabetes, high blood pressure, and glomerulonephritis. Treatment options for ESRD typically include dialysis (artificial filtration of the blood) or kidney transplantation. Dialysis can be done in different settings, including traditional facilities in first-world countries or austere conditions where resources are limited. Choosing the right treatment depends on several factors such as overall health, age, personal preferences, and access to care. Kidney transplant is often considered the best option as it offers a higher quality of life and longer lifespan compared to dialysis. However, many eligible patients do not pursue transplantation due to various reasons including fear, concerns about passing medical tests, affordability issues, lack of understanding about the transplant process, or limited health literacy/decision-making capacity. It's important for patients with ESRD and their healthcare providers to have open and clear communication about treatment options, risks, benefits, and the requirements for each option. This can help in making informed decisions that best suit the individual patient's needs and circumstances. In some cases, new treatments like rituximab may provide hope for patients with difficult-to-treat conditions like collapsing focal segmental glomerulosclerosis (FSGS) or collapsing glomerulopathy (CG)."
What is (are) Kidney Failure: Choosing a Treatment That's Right for You ?,"Kidney Failure, also known as End-Stage Renal Disease (ESRD), refers to a severe and permanent loss of kidney function. When the kidneys fail, they are unable to remove waste products from your blood, maintain the right amount of fluid in your body, or control the production of red blood cells. Choosing a treatment that's right for you involves understanding your options and considering factors such as lifestyle, cost, and personal health status. The two main treatments for ESRD are dialysis and kidney transplantation. 1. Dialysis is a procedure that filters and removes waste products from the blood artificially when the kidneys are no longer able to do so. There are two types of dialysis: hemodialysis (which uses a machine to filter your blood outside your body) and peritoneal dialysis (which uses the lining of your abdomen as a filter). 2. Kidney transplantation involves replacing the failed kidneys with a healthy donor kidney. This is often considered the best treatment option for ESRD, as it offers a higher quality of life and increased life expectancy compared to dialysis. However, there are many steps involved in getting a kidney transplant, including medical evaluations, waiting for a suitable donor match, and taking immunosuppressant medications to prevent rejection of the new kidney. There can be various reasons why patients with ESRD may not pursue transplantation, such as fear, financial constraints, misinformation, or health literacy issues. It's important for healthcare providers to communicate clearly and address these concerns to help patients make informed decisions about their treatment options."
What is (are) Hyperthyroidism ?,"Hyperthyroidism is not mentioned in the provided context. The text discusses primary hyperparathyroidism (PHPT), pseudohypoparathyroidism type-1b, and parathyroid glands in general. Hyperthyroidism refers to a condition where the thyroid gland produces an excessive amount of thyroid hormones (triiodothyronine – T3 and thyroxine – T4), leading to increased metabolic activity. Common causes of hyperthyroidism include Graves' disease, toxic nodular goiter, and thyroiditis."
What is (are) Urinary Retention ?,"Urinary retention refers to the inability to completely empty the bladder, resulting in the accumulation of urine in the bladder. This can occur due to obstruction or impairment of the urinary outflow pathways. Symptoms may include frequent urges to urinate without being able to pass urine, a weak urine stream, dribbling, and discomfort or pain in the lower abdomen. It can be acute (sudden) or chronic (long-term). Acute urinary retention is a medical emergency that requires prompt treatment. Chronic urinary retention can lead to complications such as kidney damage, bladder stones, and urinary tract infections."
What is (are) Alagille Syndrome ?,"Alagille Syndrome (ALGS) is a genetic disorder that affects craniofacial development and other organs. It is characterized by various symptoms such as heart defects, liver disease, skeletal abnormalities, and distinctive facial features. The syndrome is named after Dr. Jean Alagille who first described the condition in 1967. It is an autosomal dominant disorder, meaning that if one parent has ALGS, there is a 50% chance that their child will inherit the condition."
What is (are) Alagille Syndrome ?,"Alagille Syndrome (ALGS) is a genetic disorder that affects craniofacial development and other body systems. It is characterized by characteristic facial features, liver disease, heart defects, and abnormalities in the eyes and skeleton. The syndrome is autosomal dominant, meaning that only one parent needs to carry the gene mutation for the child to have the condition. It was first described by Dr. Alagille in 1967." "causes,What causes Alagille Syndrome ?","Alagille Syndrome (ALGS) is a genetic disorder, specifically caused by mutations in the JAG1 or NOTCH2 genes. These genes play important roles in the development of various organs during fetal growth, and mutations can lead to the symptoms associated with ALGS, such as heart defects, liver problems, and skeletal abnormalities."
What is (are) Prevent diabetes problems: Keep your heart and blood vessels healthy ?,"Yes, maintaining a healthy dietary pattern is one of the preventative measures for diabetes problems, particularly Type 2 diabetes. Dietary patterns that are rich in fiber-rich foods such as vegetables, fruits, nuts, whole grains, and low in red meat have been associated with a lower risk of hyperglycemia (high blood sugar levels) and could potentially help control diabetes. By adhering to dietary patterns like the Mediterranean, Prudent, or DASH diets, one can reduce the risk of developing Type 2 diabetes mellitus. In addition to a healthy diet, it is essential to manage diabetes and its metabolic abnormalities in the primary care setting to prevent diabetic cardiomyopathy (DCM) and other serious complications. This involves proper treatment of diabetes as well as increased awareness among physicians regarding the serious metabolic complications of diabetes."
What is (are) Primary Hyperparathyroidism ?,"Primary Hyperparathyroidism (PHPT) is an endocrine disorder characterized by excessive production of parathyroid hormone (PTH) due to a tumor or adenoma in one or more of the four parathyroid glands located in the neck. This condition leads to high levels of calcium in the blood and low levels of phosphorus, which can cause various symptoms such as bone pain, kidney stones, muscle weakness, and depression. PHPT may also occur as a part of an inherited syndrome called Multiple Endocrine Neoplasia Type 1 (MEN-1), where it is associated with pancreatic endocrine tumors and pituitary adenomas. The aim of treatment for PHPT is usually surgical removal of the affected parathyroid glands."
What is (are) HIV/AIDS and Infections ?,"Human Immunodeficiency Virus (HIV) and Acquired Immune Deficiency Syndrome (AIDS) are a pair of related conditions. HIV is a virus that attacks the immune system and weakens the body's ability to fight off infections and diseases. AIDS is a condition where the immune system has been severely damaged by HIV, making the person more susceptible to various opportunistic infections (OIs). These OIs are infections that occur more frequently or are more severe in people with weakened immune systems due to conditions like AIDS. Common examples of OIs associated with HIV/AIDS include tuberculosis, candidiasis, herpes zoster, pneumocystis jirvoceii, cytomegalovirus, and others. The prevalence and severity of these infections can vary depending on the individual's CD4 T-cell count (a measure of immune system health). In some studies, it was found that respiratory systems were commonly affected by OIs among HIV patients, and most patients with OIs had CD4 T-cell counts below 200/ml. Identifying at-risk populations and educating them about AIDS prevention methods is considered a high priority in many regions to combat the spread of HIV and its associated complications."
Do you have information about Baby Health Checkup,"No, the provided context does not contain any information directly related to Baby Health Checkups. The first text discusses a study on Length of Stay (LOS) for Extremely Low Birth Weight infants, while the second text discusses studies investigating growth patterns in neonates and newborn feeding practices in Burkina Faso. Neither of these texts mentions regular baby health checkups."
What is (are) Mitral Valve Prolapse ?,"Mitral Valve Prolapse is not directly mentioned in the provided context. The text discusses a double-orifice mitral valve, a rare congenital anomaly that can lead to mitral regurgitation, but it does not mention prolapse of the mitral valve. Mitral Valve Prolapse refers to a heart condition where one or both of the mitral valve leaflets bulge into the atrium during ventricular contraction. This is often associated with a click and murmur heard through a stethoscope, and can sometimes lead to mitral regurgitation."
What is (are) Knee Injuries and Disorders ?,"Knee injuries and disorders refer to various conditions affecting the knee joint, which includes bones, ligaments, tendons, and cartilage. Common examples of such injuries and disorders include sprains, strains, fractures, dislocations, meniscal tears, ACL (Anterior Cruciate Ligament) injuries, patellar tendinitis, and osteoarthritis. The presented studies focus on chronic knee pain in the elderly, the efficacy of supervised physical exercise for symptomatic knee osteoarthritis with severe degeneration, and a rare case of simultaneous ipsilateral hip and knee dislocation with open tibial fracture."
What is (are) Poison Ivy, Oak and Sumac ?,"Poison Ivy, Oak, and Sumac are plants that cause an allergic skin rash in many people when their leaves or other parts of the plant come into contact with the skin. They belong to different plant families but all produce urushiol, an oily resin, which is responsible for the allergic reaction. Poison Ivy (Toxicodendron radicans) belongs to the Anacardiaceae family. It's a low-growing shrub with three leaflets per stem. Poison Oak (Toxicodendron pubescens and Toxicodendron diversilobum) also belongs to the Anacardiaceae family, but it has more variations in appearance depending on the species. Generally, it's a shrub or small tree with one to three leaflets per stem. Poison Sumac (Toxicodendron vernix) belongs to the Anacardiaceae family as well. It's a tall shrub or small tree found in swampy areas, and it has seven to 13 leaflets per stem. All of these plants can cause a similar allergic reaction characterized by redness, itching, blisters, and swelling."
What is (are) After Surgery ?,"Enhanced Recovery After Surgery (ERAS) is a protocol that aims to optimize patient care and recovery following surgery. It includes goal-directed fluid management with hemodynamic monitoring, which can effectively guide perioperative fluid use and significantly improve outcomes in high-risk patients undergoing major surgeries."
What is (are) Pheochromocytoma ?,"Pheochromocytomas are rare tumors that originate primarily from the adrenal gland, but can also occur along the sympathetic chain. They are characterized by sustained or paroxysmal hypertension and complications thereof, and surgical extirpation is the mainstay of treatment for them. Accurate pre-operative tumor localization facilitates the surgery, and pre-operative medical management with antihypertensive medication has been shown to significantly reduce peri-operative mortality. However, determining malignancy can be difficult in the absence of obvious metastases."
Do you have information about Secondhand Smoke,"Yes, secondhand smoke (SHS), also known as passive smoking or involuntary smoking, is the smoke that is inhaled by people who do not actively smoke. It occurs when tobacco smoke contaminates the air in a space and can be harmful to nonsmokers' health. SHS contains more than 7000 chemicals, hundreds of which are toxic, and about 70 can cause cancer. Exposure to SHS has been linked to numerous health problems such as heart disease, stroke, lung cancer, and sudden infant death syndrome (SIDS) in infants. In the given context, it is not directly mentioned but it's important to note that smokeless tobacco use can also expose people around the user to harmful substances through respiratory secretions and saliva."
Do you have information about Medicare Prescription Drug Coverage,"Yes, based on the provided context, we can infer that the Medicare Prescription Drug Coverage is part of the Medicare Modernization Act (MMA) of 2003. This law aimed to improve and modernize Medicare by adding a prescription drug benefit for individuals aged 65 and over and for certain disabled individuals. However, as mentioned in the text, the full implementation of this aspect of the law is yet to be completed, and its impact is still being assessed. The prescription drug coverage is part of the Supplementary Medical Insurance (SMI) program under Medicare, which pays for outpatient hospital services and other medical expenses, including prescription drugs. Unlike Hospital Insurance (HI), SMI is financed on an accrual basis with a contingency margin, meaning that the trust fund should always be slightly greater than the claims that have been incurred but not yet paid by the program. The assets of these funds may be invested in certain interest-bearing obligations of the U.S. government. The article you mentioned seems to focus on the encounter data currently being required of plans for Medicare Prescription Drug Coverage, highlighting problems and issues with providing and analyzing such data. It also provides recommendations for improving these systems."
What is (are) Rotator Cuff Injuries ?,"Rotator cuff injuries refer to damage or tears in the group of tendons and muscles that surround the shoulder joint, providing mobility and stability. The majority of these injuries occur within the rotator cuff tendon or as an avulsion from the greater tuberosity. An uncommon event is supraspinatus injury at the musculotendinous junction. These injuries can lead to pain, loss of arm function, and in some cases, require surgical intervention for treatment. The severity and location of the injury determine the appropriate course of action, which can range from conservative management (physiotherapy, medication) to operative interventions."
What is (are) Helicobacter Pylori Infections ?,"Helicobacter Pylori Infections are bacterial infections that primarily affect the stomach lining, and they are commonly found in many parts of the world. While most individuals with this infection may be asymptomatic, it can lead to peptic ulcer disease and malignancy (such as gastric cancer) in some cases. Other rare conditions have been occasionally reported in association with Helicobacter Pylori infections. In developing countries, the infection is often acquired during childhood and may serve as a predisposing factor for peptic ulcers or gastric cancer later in life. The high prevalence of this infection has been observed in various studies, including among children in Sanandaj, west Iran, where it begins at early infancy and cumulatively increases with age. Persistent Helicobacter Pylori infections confer an increased risk for serious illnesses like peptic ulcers and gastric cancer, and are associated with the upregulation of certain cytokines such as IL-17."
What is (are) Attention Deficit Hyperactivity Disorder ?,"Attention Deficit Hyperactivity Disorder (ADHD) is a neurodevelopmental disorder characterized by symptoms such as difficulty paying attention, impulsivity, and hyperactivity. It affects both children and adults, and can cause significant problems with social skills, academics, and personal relationships if left untreated. The condition is often diagnosed based on observable symptoms and can be managed through various treatment methods including medication, behavioral interventions, and cognitive-behavioral therapies (CBT)."
Do you have information about Diets,"Yes, the provided context discusses two studies related to diets. 1. The first study aimed to investigate the role of dietary intake on the prevalence of metabolic syndrome in a population of elderly, socially active women in Brazil. However, no associations were observed between nutritional factors and the prevalence of the metabolic syndrome. 2. The second study assessed the effects of a nutrition intervention program in corporate settings across the United States. Participants who followed a low-fat vegan diet for 18 weeks significantly reduced their intake of total fat, saturated fat, cholesterol, protein, and certain micronutrients like calcium. On the other hand, they increased their intake of carbohydrates, fiber, vitamin C, magnesium, potassium, and specific carotenoids (-carotene)."
What is (are) Peptic Ulcer ?,"Peptic ulcers are inflamed breaks or sores that occur in the lining of the digestive tract, specifically in the stomach or duodenum. They are caused by a disturbance of the normal equilibrium in the digestive system, which can be due to enhanced aggression (such as regular use of certain drugs) or diminished mucosal resistance (poor defense mechanisms). The formation of peptic ulcers depends on the presence of acid and peptic activity in gastric juice."
Do you have information about Ebola,"Yes, the text provides information about Ebola. It discusses a new case detected in October 2015 in Guinea, possible transmission of the virus from a survivor to another person and then to the case patient, suggesting slow evolution of the Ebola virus. The text also mentions that malaria is a major public health concern in countries affected by the Ebola virus disease epidemic in West Africa, and it reports on an outbreak of measles in Guinea's Lola prefecture that started in January 2015."
Do you have information about Medicines,"Yes, the provided context contains information about various types of medications. It mentions drugs administered through hypodermoclysis (though there is a lack of specific details), antipyretics and analgesics as commonly used drugs for self-medication by medical students, and herbal medicines being widely accepted as antidiabetics, antiarthritics, hepatoprotectives, cough remedies, memory enhancers, and adaptogens. However, it also mentions a common myth that herbal medicines are completely safe and can be consumed without a physician's prescription, which can lead to potential issues. The context also discusses the need for pharmacovigilance practices for herbal medicines due to unique challenges in monitoring their safety compared to synthetic drugs."
What is (are) Prader-Willi Syndrome ?,"Prader-Willi Syndrome is not mentioned in the provided context. It is a separate genetic disorder characterized by mental retardation, short stature, obesity, small hands and feet, and behavioral problems such as stubbornness, hypersensitivity to pain, and a strong appetite. It is caused by a deficiency of a specific portion of chromosome 15 inherited from the mother."
Do you have information about Drinking Water,"Yes, the provided text discusses two different studies related to drinking water. The first study investigates the association between calcium and magnesium concentration of drinking water and cardiovascular disease (CVD) in urban and rural areas of a city in Iran. The second study evaluates the microbial and physicochemical quality of drinking water from bottled water coolers in Isfahan, Iran. In the first study, it was found that higher levels of calcium and magnesium content in drinking water were associated with decreased numbers of CVDs. Specifically, above 72 mg/l for calcium in 2010 and more than 75 mg/l in 2011 showed this association. For magnesium hardness level, above 31 mg/l in 2010 and above 26 mg/l in 2011 were associated with decreased CVDs. In the second study, it was found that the mean heterotrophic plate count (HPC) of water coolers exceeded the acceptable level for drinking water in 62% of analyzed samples, indicating microbial water quality deterioration in water coolers. The presence of some opportunistic pathogens in water coolers is a concern from a public health point of view. Therefore, it was concluded that periodic disinfection procedures and monitoring systems are necessary for water coolers to control the level of microbial contamination."
What is (are) Autoimmune Diseases ?,"Autoimmune diseases are a group of disorders in which the body's immune system mistakenly attacks and destroys healthy cells and tissues. Examples of autoimmune diseases include Systemic Lupus Erythematosus (SLE), Multiple Sclerosis (MS), Rheumatoid Arthritis (RA), Sjogren's Syndrome, Autoimmune Hepatitis, and Autoimmune Thyroid Disorders. These diseases can affect various organs and systems in the body. The exact causes of autoimmune diseases are not fully understood, but both genetic and environmental factors, such as infectious agents like Epstein-Barr virus (EBV), are believed to play a role in their development."
What is (are) Infections and Pregnancy ?,"Infections and Pregnancy refers to the occurrence of various infections during pregnancy, particularly those that affect the mother's health and the development of the fetus. The text discusses several examples such as helminth infections, Waddlia chondrophila, Chlamydia trachomatis, and bacterial vaginosis (BV), which can impact pregnancy outcomes, leading to complications like anemia, miscarriage, preterm birth, tubal factor infertility, and increased risk of sexually transmitted diseases. Probiotics are suggested as a means to restore a healthy vaginal ecosystem and improve female health during pregnancy."
What is (are) Coping with Chronic Illness ?,"Coping with chronic illness refers to the strategies and behaviors individuals adopt to manage and cope with the physical, emotional, and social demands of living with a long-term health condition. This can include a variety of methods such as seeking social support, positive reframing and reappraisal, religious or spirituality-focused efforts, emotional expression, avoidance and distraction, among others. The specific coping strategies used may vary depending on factors such as the individual's personality, cultural background, educational level, and phase of the illness."
What is (are) Endocarditis ?,"Endocarditis refers to an infection of the inner layer of the heart chambers or valves. It's typically caused by bacteria, but it can also be caused by fungi. In the provided cases, one involves Gemella morbillorum as the causative agent for endocarditis. This type is less common compared to other bacterial causes such as Staphylococcus aureus or Streptococcus viridans."
What is (are) Guillain-Barre Syndrome ?,"Guillain-Barre Syndrome (GBS) is an acute, autoimmune polyradiculoneuropathy. It is a rare disease that occurs at a rate of 1.11 cases per 100,000 person-years. Once infected, up to 20% of patients may develop severe disability, and approximately 5% die. There have been reports of GBS in different cancers, including small cell lung cancer."
What is (are) Gum Disease ?,"Gum disease, also known as periodontal disease, refers to inflammatory conditions that affect the tissues surrounding the teeth, including the gums, periodontal ligament, and alveolar bone. Common forms of gum disease include gingivitis and periodontitis. Gingivitis is an early stage of gum disease characterized by red, swollen, and bleeding gums due to bacterial plaque accumulation. If left untreated, gingivitis can progress into periodontitis, which causes pocket formation between the teeth and gums, bone loss, attachment loss, and eventually tooth loss."
What is (are) Pregnancy and Substance Abuse ?,"Pregnancy and Substance Abuse refers to the use of illegal or harmful substances, such as drugs, alcohol, or tobacco, during pregnancy. This can have negative effects on both the mother's health and the development of the fetus. In the first context provided, the study focuses on the effect of maternal morphine consumption on placenta development and blood corticosteron concentration in addictive pregnant mothers. In the second context, the study aims to determine the frequency of illegal drug use among female university students preparing to become teachers, with a focus on the influence of parental education, communication, attention, and other factors on this behavior. The third context presents a study about the impact of early life stress on voluntary alcohol intake in adolescent rats."
Do you have information about Evaluating Health Information,"Yes, evaluating health information is a crucial aspect in various areas such as clinical practice, research, and decision-making. Here are some key points to consider when evaluating health information: Reliability: The source of the information should be trustworthy and reputable. Look for information from organizations or individuals with relevant expertise and a good reputation in the field. Relevance: The information should be applicable to your specific situation or question. Consider whether the information is intended for a general audience or if it's tailored to your specific condition or demographic.Date: Health information can quickly become outdated, so it's important to know when the information was published or last updated. Recent information is generally more relevant and accurate.Understandability: The language used should be clear and easy to understand. If you come across technical terms that are unfamiliar, look them up to ensure you fully comprehend the information.Objectivity: Look for information that presents both sides of an argument or provides a balanced view. Avoid sources that seem biased, sensationalist, or designed to sell a product or service.Reviews and References: Check if the information has been reviewed by experts in the field, or if it cites reliable sources such as peer-reviewed scientific journals or government reports. Confidentiality and Privacy: Be aware of who can access your personal health information and how it is protected. Always ensure that any website or service you use has strong privacy policies in place."
What is (are) Degenerative Nerve Diseases ?,"Degenerative nerve diseases are conditions characterized by the progressive deterioration or breakdown of nerve cells or tissues in the nervous system. Examples include Amyotrophic Lateral Sclerosis (ALS), Alzheimer's disease, Parkinson's disease, Multiple Sclerosis, and some forms of Facial Onset Sensory and Motor Neuronopathy (FOSMN) as mentioned in the context. These diseases can lead to symptoms such as muscle weakness, loss of physical abilities, cognitive impairment, and other neurological symptoms depending on the specific condition."
Do you have information about Native American Health,"The provided text does not directly discuss Native American health, but it does mention a study aimed at exploring indigenous knowledge of native tribes (presumably in India) on the utilization of wild plant species for local healthcare management. However, for specific information about Native American health, you might want to look up resources related to traditional Native American medicine or studies focused on health issues among indigenous populations in North America."
What is (are) Gluten Sensitivity ?,"Gluten sensitivity refers to a condition where individuals experience adverse health effects after consuming gluten, a protein found in wheat, barley, and rye. Unlike celiac disease, gluten sensitivity does not involve the inflammation of the intestinal lining or villous atrophy. Instead, it can cause a variety of symptoms such as abdominal pain, diarrhea, bloating, and fatigue. However, gluten sensitivity is not officially recognized as a medical diagnosis, and further research is needed to fully understand this condition. The gluten patch test mentioned in the study is primarily used for the diagnosis of celiac disease, not gluten sensitivity."
What is (are) Head Lice ?,"Head Lice are not mentioned in the provided context. The text discusses Lichen Planus, Necrotizing Infundibular Crystalline Folliculitis, Cranial Eumycetoma, and their respective symptoms, diagnoses, and causes, but there is no information about head lice."
What is (are) Prediabetes ?,"Prediabetes is a condition where an individual's blood sugar levels are higher than normal, but not high enough to be classified as diabetes. It is often considered a precursor or early stage of type 2 diabetes and increases the risk of developing type 2 diabetes, heart disease, and stroke. In the context of the first text, it is one of the conditions that was evaluated in the cohort study conducted in Ahvaz, Iran."
What is (are) Voice Disorders ?,"Voice disorders refer to conditions that affect the voice quality, pitch, or volume, making it sound hoarse, breathy, weak, or strained. These disorders can be caused by various factors such as excessive use of the voice, infections, neurological problems, or structural issues with the vocal cords or respiratory system. In the context provided, the children described are experiencing linguoalveolar misarticulations and dysarthria, which are specific types of voice disorders due to impaired motor function and tongue carriage dysfunction. The 9-year-old boy presented with dysarthria (impairment in speech articulation) and dysphagia (difficulty swallowing), indicating voice disorders caused by neurological and physical conditions such as perinatal asphyxia, seizures, and brain encephalomalacia."
Do you have information about Eye Wear,"Yes, I can provide information about eye wear. Specifically, we discussed a study comparing three types of contact lenses - Nesofilcon A, Delefilcon A, and Etafilcon A - in terms of their surface water characteristics before and after initial wear. The results showed that the Delefilcon A lens behaves like a high water hydrogel upon insertion but quickly dehydrates to behave like its low-water silicone-hydrogel bulk material with respect to surface water content during wear, while both Nesofilcon A and Etafilcon A lenses maintain their water content during initial wear. This is important because changes in surface water content can lead to visual aberrations affecting user experience. The study suggests that the Nesofilcon A lens is unique among high water lenses in maintaining high surface and bulk water content during wear, which may improve comfort for extended periods of digital display device use. Additionally, we touched on dry eye disease, a common public health problem related to contact lens use and refractive surgery, and its prevention through maintaining physical and mental health principles from Iranian traditional medicine. In another study, the mean central corneal thickness (CCT) was estimated in the adult Lithuanian population, showing a decrease over the lifetime, with young men tending to have higher CCT than women."
What is (are) Bile Duct Diseases ?,"Bile duct diseases are abnormalities that affect the extra- and intrahepatic ducts, including the gallbladder. These conditions can be associated with portal hypertension due to extrahepatic venous obstruction and dilatation of the venous plexus of the common bile duct, leading to mural irregularities and compression of the biliary tree. Symptoms may include abdominal pain, jaundice, fever, and other complications such as cholangitis (inflammation of the bile ducts). Common diagnostic tools for these diseases are magnetic resonance cholangiopancreatography and endoscopic retrograde cholangiopancreatography. Management aims at biliary decompression and reducing portal pressure. Examples of bile duct diseases include portal biliopathy, biliary cast syndrome, and complications arising from surgical procedures like laparoscopic cholecystectomy (migration of surgical clips into the common bile duct or retention of common bile duct stones)."
What is (are) Testicular Disorders ?,"Testicular disorders are a variety of conditions that affect one or both testicles. They include, but are not limited to: Polyorchidism: This is an extremely rare congenital anomaly where an individual has more than two testes. The commonest variety is triorchidism. Torsion: This occurs when the spermatic cord twists, cutting off blood supply to the testicle, causing acute pain and swelling. It's a surgical emergency. Bilobed Testicle: This is another extremely rare congenital malformation where a single testicle has two lobes instead of the usual one. Testicular Microlithiasis (TM): This is an uncommon pathologic condition characterized by the presence of multiple microcalcifications within the testicle, which can be detected by scrotal ultrasonography. It's associated with an increased risk of testicular malignancy and infertility. Malignancies: These include various types of cancer that can affect the testicles such as seminoma, non-seminoma, and testicular lymphoma."
What is (are) Scabies ?,"Scabies is a contagious skin infection caused by the itch mite Sarcoptes scabiei. It burrows under the skin, causing intense itching and a rash. The rash consists of tiny blisters or bumps that can be found anywhere on the body, but often appear between the fingers, wrists, elbows, armpits, knees, ankles, waist, breasts, genitals, and around the navel. It is transmitted through skin-to-skin contact with an infected person."
What is (are) Genetic Brain Disorders ?,"In this context, genetic brain disorders refer to neurological conditions where variations within specific genes are associated with damage or abnormalities in language-related regions of the brain. These conditions include Frontotemporal Dementia (FTD) and Primary Progressive Aphasia (PPA), particularly when they involve certain genes such as KIAA0319, DCDC2, and CNTNAP2. However, it's important to note that this specific study focused on these particular genes in relation to dyslexia susceptibility, but the concept of genetic brain disorders encompasses a broader range of conditions influenced by genetic factors."
What is (are) Frostbite ?,"Frostbite refers to damage to tissues caused by freezing. In the context provided, it is a technique used for temporarily inhibiting motor nerve conduction in a rat model, as described in the second excerpt. However, the question asks about frostbite in general, and it's a medical condition that occurs when skin and other body tissues are frozen due to prolonged exposure to cold temperatures, which can lead to damage or destruction of cells and tissues."
What is (are) Rotavirus Infections ?,"Rotaviruses are a type of virus that cause gastroenteritis, or inflammation of the intestines, leading to diarrhea. They are a significant cause of childhood diarrhea hospitalizations worldwide, particularly in developing countries. The text mentions that from 2000 to 2004, rotaviruses accounted for approximately 39% (range 29%-45%) of such hospitalizations. Rotavirus infections can be transmitted between animals and humans, as indicated by the example of a strain diagnosed in a child in Palermo, Italy in 1997, which resembled a canine strain identified in Italy in 1996. Furthermore, rotaviruses have been found to cause an estimated 611,000 (range 454,000-705,000) diarrhea-related childhood deaths based on data from the World Health Organization. The text also mentions a porcine rotavirus strain (ska-1) from Japan that was closely related to a novel group of human rotavirus strains."
What is (are) Chest Injuries and Disorders ?,"Chest injuries refer to various types of traumatic damage that can occur in the chest region, such as fractures, contusions, or internal organ injuries like lung, heart, or great vessels. These injuries can result from blunt trauma or penetrating injuries. Chest disorders, on the other hand, are non-traumatic conditions that affect the chest and its associated organs. Examples include but are not limited to acute dyspnea (shortness of breath), asthma, pulmonary embolism, heart failure, myocardial infarction, Penetrating Atherosclerotic Aortic Ulcer (PAAU), and aortic dissection. In the context of the provided text, PAAU and aortic dissection are examples of chest disorders."
What is (are) Migraine ?,"Migraine refers to a neurological disorder characterized by recurrent attacks of headache, often accompanied by nausea, vomiting, and sensitivity to light or sound. There are two main types of migraines: migraine without aura (MO) and migraine with aura (MA). In MA, the attack is preceded by temporary symptoms such as visual disturbances, numbness, or speech difficulties. Migraines are typically treated with medications including steroids."
Do you have information about Kidney Transplantation,"Yes, the provided context discusses a study related to kidney transplantation. The study aims to determine the organ survival rate after kidney transplantation in Arak, Markazi Province, Iran over a 10-year period (March 2001-March 2011). The study used a historical cohort design and collected data from hospital records. The Kaplan-Meier method was employed to determine the graft cumulative survival rate, and log-rank test and Cox regression model were utilized for comparison and risk analysis. Results showed that the graft survival rate was satisfactory with dialysis time after transplantation being a significant predictor of survival. Additionally, the text mentions kidney paired donation as an important strategy for overcoming incompatibility barriers between living donors and recipients and encourages wider participation to prevent commercial transplantation. Lastly, it discusses real and perceived barriers faced by patients with end-stage renal disease that may lead them to avoid pursuing kidney transplantation."
Do you have information about Molds,"Yes, I do have information about molds. In the provided context, a study on the survival of oral bacteria and fungi was discussed. One type of fungi mentioned is Candida albicans, which is a common mold found in the human body. Additionally, a different study focused on Fusarium oxysporum, another type of mold, which causes wilt of zucchini plants. The slime mold Physarum polycephalum was also discussed in relation to its chemotaxis behavior towards various volatile organic compounds (VOCs), some of which are produced by molds. Molds play significant roles in various environments and can have both positive and negative impacts on ecosystems and human health."
Do you have information about Artificial Limbs,"Yes, the provided text mentions a specific device named ""quick-linker,"" which is not an artificial limb per se but a tool used in orthotopic rat liver transplantation. The quick-linker is designed with handles from scalpel blades, an approximator modified from Kocher's forceps, and cuffs made of fine-bore polyethylene tubing. However, the text does not discuss any information about artificial limbs in this context. For more detailed information on artificial limbs, I recommend researching prosthetics or exoskeletons."
Do you have information about Pacemakers and Implantable Defibrillators,"Yes, I do. Pacemakers are electronic devices that are implanted to help control abnormal heart rhythms (arrhythmias). They use electrical pulses to prompt the heart to beat at a normal rate. Implantable cardioverter defibrillators (ICDs) are similar but more complex devices. They can not only regulate the heartbeat like a pacemaker, but they can also deliver an electric shock to correct potentially dangerous arrhythmias. In the context of noncardiac surgery, these devices can be influenced in their function. The management of patients with implantable cardiac devices during such surgeries involves preoperative, intraoperative, and postoperative aspects. The article suggests that diagnostic parameters collected by ICDs and cardiac resynchronization devices with defibrillation capability (CRT-Ds) may help stratify patients at varying risk of heart failure hospitalization. However, it's important to note that the field of medicine is constantly evolving, and it's crucial to keep up with progress as more and more patients receive implantable cardiac devices. For more specific or detailed information, I would recommend consulting a healthcare professional or referring to a reliable medical source."
What is (are) Bipolar Disorder ?,"Bipolar disorder, also known as manic-depressive illness, is a mental health condition characterized by extreme mood swings that include emotional highs (mania or hypomania) and lows (depression). It typically affects a person's ability to carry out day-to-day tasks, and it is of particular public health significance as it is prevalent, severe, disabling, and often associated with elevated risks of premature mortality. Bipolar disorder type 1 (BD I) is a subtype where the individual experiences full-blown manic episodes."
What is (are) Premenstrual Syndrome ?,"Premenstrual Syndrome (PMS) refers to a group of physical and emotional symptoms that occur during the late luteal phase (after ovulation and before menstruation) in some women. Common symptoms include mood changes, irritability, depression, anxiety, breast tenderness, bloating, fatigue, and headaches. The severity and specific symptoms can vary greatly among individuals. In the context of the provided text, it is also referred to as Premenstrual Tension Syndrome (PMTS)."
What is (are) Herniated Disk ?,"A herniated disk, also known as a slipped disk or ruptured disk, refers to a condition where the soft inner part of an intervertebral disk bulges out through a tear in its outer layer. This can occur in any part of the spine but is most common in the lower back (lumbar region) and neck (cervical region). The herniated portion can put pressure on nearby spinal nerves, causing pain, numbness, or weakness in an arm or leg."
Do you have information about Healthy Aging,"Yes, the context provided discusses two studies related to healthy aging. The first study examines the health conditions of females in Jamaica over a half-decade (2002-2007) and finds improvements in their health status, particularly a decline in the ages at which females are being diagnosed with chronic illnesses like diabetes mellitus, hypertension, and arthritis. The second study reviews literature regarding the relationship between the Mediterranean diet and healthy aging. It suggests that Mediterranean diets have benefits on risk factors for cardiovascular disease, mental health, and overall mortality, as well as positive associations with quality of life. The first study does not directly focus on healthy aging per se, but it provides insights into the changing health conditions of females in Jamaica, which can contribute to understanding healthy aging within that population. The second study focuses on the Mediterranean diet, a healthy dietary pattern known for its relation to low morbidity and mortality for some chronic diseases, which is closely linked to healthy aging. For the second part of your question, I'd like to provide additional information about factors affecting healthy aging: Physical Activity: Regular physical activity plays a crucial role in maintaining functional ability, preventing falls, and reducing the risk of chronic diseases such as cardiovascular disease, diabetes, and osteoporosis. Nutrition: A balanced diet rich in fruits, vegetables, lean proteins, and whole grains can help maintain good health, reduce the risk of chronic diseases, and improve overall quality of life.Mental Health: Good mental health is essential for healthy aging. Regular social engagement, stress management techniques, and mental stimulation activities like reading or puzzles can help promote positive mental health.Social Support: Having a strong support system of family, friends, and community can contribute to emotional well-being and help older adults cope with the challenges of aging.Access to Healthcare: Regular access to healthcare services is important for early detection, prevention, and management of chronic conditions that may arise during old age. Education: Higher levels of education are associated with better health outcomes and increased longevity. This might be due to the ability to make informed decisions about lifestyle choices and healthcare options."
What is (are) Tetanus ?,"Tetanus is a serious bacterial infection caused by Clostridium tetani. It affects the nervous system, causing muscle stiffness and spasms, particularly in the jaw, neck, and back. The condition, also known as lockjaw, can lead to painful involuntary contraction of other muscles as well, making it difficult to swallow or breathe. Tetanus is primarily caused by contamination of wounds with tetanus spores. It requires immediate medical attention due to its potentially life-threatening symptoms."
What is (are) Eyelid Disorders ?,"Eyelid disorders are abnormalities or conditions affecting the eyelids. Examples include, but are not limited to:  Downward slanting eyes and absence of eyelashes in Nager Syndrome. Loss of eyebrows and eyelashes, and lagophthalmos (inability to close the eyes completely) in Hutchinson-Gilford Progeria Syndrome. Beaded eyelid papules (moniliform blepharosis) in Urbach-Wiethe Syndrome or Lipoid Proteinosis."
Do you have information about Veterans and Military Health,"Yes, the provided contexts discuss aspects related to the mental health of military personnel, particularly in Taiwan, and also mention reproductive health services for women veterans in the U.S. Additionally, there is information about health-promoting behaviors among chemical veterans from Iran. So, yes, I have information about Veterans and Military Health based on these contexts."
What is (are) Scoliosis ?,"Scoliosis is a medical condition characterized by an abnormal curvature of the spine, with a sideways S- or C-shaped curve. It typically develops during adolescence and can progress over time if not treated. There are several types of scoliosis, including degenerative scoliosis (which occurs in an aging population due to wear and tear on the spine), idiopathic scoliosis (the cause is unknown), and tethered cord syndrome-related scoliosis (where abnormal spinal cord tension contributes to the curvature). The condition can be associated with back pain, radicular symptoms, and may affect a person's posture. In some cases, scoliosis progression can be slowed or stopped through various treatments, including surgery."
What is (are) Aneurysms ?,"Aneurysms are abnormal, bulging outpouchings or sacs that develop in weak spots on artery walls due to various conditions like high blood pressure, infection, trauma, or other diseases. In the context of the provided text, they refer specifically to intracranial aneurysms, particularly saccular aneurysms, which are more common in the pediatric age group for the posterior circulation and tend to be larger, giant, and complex."
What is (are) Chlamydia Infections ?,"Chlamydia Infections are bacterial infections caused by the organism Chlamydia trachomatis. They can affect various parts of the body, including the genital tract and the urinary system. The most common forms of Chlamydia Infections are sexually transmitted diseases (STIs) affecting the reproductive organs, but they can also cause eye infections such as trachoma, which is a leading cause of blindness worldwide."
Do you have information about Farm Health and Safety,"Yes, the provided contexts discuss aspects related to farm health and safety. The first context focuses on the use of pesticides among farmers in Fasa, Iran, highlighting the risks associated with their improper usage and suggesting training programs as a solution. The second context discusses Food Chain Information (FCI) in Europe, which includes specifications such as health status, information on treatments, and production performance. It suggests that FCI is an effective tool if applied consistently and reasonably for effective and representative data collection. The first context mentions the hazards of pesticides on farmers' health and emphasizes the need to decrease pesticide usage. The second context does not directly discuss farm safety in terms of physical hazards but focuses on food safety by providing guidelines for reporting health status, treatments, and production performance. Both contexts can be considered related to farm health and safety as they aim to minimize risks to farmers and consumers associated with agricultural practices."
Do you have information about Limb Loss,"Yes, the provided text discusses two separate studies related to limb loss in patients with diabetic foot ulcers (DFUs) and trauma. In the first study, researchers followed up on 247 DFU patients for more than 10 years to investigate limb and person survival. They found that while long-term limb salvage was favorable, long-term survival remained poor, particularly among patients with peripheral arterial disease (PAD) or renal insufficiency. In the second study, researchers evaluated anxiety and depression in patients who have undergone lower limb amputation due to trauma and compared them with patients suffering from non-phantom chronic pain. They found that depression and anxiety were not more common in phantom limb pain (PLP) patients, whereas they were more prevalent in subjects with non-phantom chronic pain. Both studies highlight the importance of support systems for individuals experiencing limb loss due to various conditions, as well as potential psychological impacts associated with limb amputation."
What is (are) Anemia ?,"Anemia is a condition characterized by a lower than normal number of red blood cells or less hemoglobin in the blood, resulting in reduced oxygen-carrying capacity. It can be caused by various factors such as nutritional deficiencies (like iron, folate, vitamin B12), congenital factors, parasitic diseases like malaria, or inherited disorders. In this context, it is also mentioned that some anemia may be due to inborn errors of metabolism, such as alkaptonuria."
What is (are) Transient Ischemic Attack ?,"Transient Ischemic Attack (TIA), also known as a ""ministroke,"" is a temporary period of symptoms caused by reduced blood flow to the brain, lasting only a few minutes. It is often considered a warning sign for a full stroke and requires immediate medical attention. The symptoms are similar to those seen in a stroke, such as sudden numbness or weakness, confusion, trouble speaking or understanding speech, and vision problems, but they usually resolve within an hour. Unlike a stroke, TIA does not cause permanent damage, but it can be a warning sign that a full stroke is imminent."
What is (are) Tick Bites ?,"Tick bites refer to the action of a tick attaching itself to the skin of an animal or human host and piercing it with its mouthparts to feed on their blood. Ticks are arthropods that belong to the class Arachnida, and they are important vectors of various pathogens, such as bacteria, parasites, and viruses. These pathogens can cause diseases in humans and animals. The severity of the reaction to a tick bite can vary greatly depending on the species of the tick, the amount of time it has been attached, and the individual's immune system response."
What is (are) Mild Cognitive Impairment ?,"Mild Cognitive Impairment (MCI) refers to a clinical condition where an individual experiences mild but noticeable and measurable declines in cognitive functions, such as memory or thinking skills, which are greater than what might be expected from normal aging. However, these impairments are not severe enough to interfere with daily life activities or meet the criteria for dementia. The identification of patients with MCI who are at high risk of conversion to dementia is a challenging clinical task."
What is (are) Genital Herpes ?,"Genital Herpes refers to a viral sexually transmitted disease caused by the herpes simplex virus (HSV), specifically types 1 and 2. It often remains subclinical, meaning symptoms are not always present, but it can cause painful sores or blisters around the genitals, rectum, or mouth. It is a significant global problem, particularly among women of reproductive age group. Herpes cervicitis is an unusual presentation of this virus in females."
What is (are) Cholera ?,"Cholera is a bacterial disease caused by Vibrio cholerae, specifically the O1 strain. It is known for causing severe watery diarrhea and can lead to dehydration and death if left untreated. It is rare in the United States but has been reported in patients who have traveled to affected areas or consumed contaminated seafood. Resistance to third-generation cephalosporins for Vibrio cholerae is not common."
What is (are) Addison Disease ?,"Addison disease, also known as primary adrenal insufficiency, is a disorder that occurs when the adrenal glands do not produce enough of certain hormones, including cortisol and aldosterone. This can lead to fatigue, weight loss, low blood pressure, and other symptoms. It is often caused by an autoimmune disease that damages the adrenal glands."
What is (are) Kawasaki Disease ?,"Kawasaki Disease is an acute vasculitis of unknown etiology that primarily affects young children. It is a systemic condition that involves medium and small size blood vessels throughout the body, with coronary arteries often being involved. The disease typically presents with fever, rash, non-purulent conjunctivitis, red lips, and swollen hands and feet. Lymphadenopathy (enlarged lymph nodes) can also occur in unusual sites such as the para aortic area. Despite its prevalence in children, Kawasaki Disease is more common than rheumatic fever and viral myocarditis in many parts of the world. Incomplete forms of the disease can also occur in older individuals."
Do you have information about HIV/AIDS Medicines,"Yes, the provided context discusses the use of Antiretroviral Therapy (ART) for treating HIV/AIDS. More specifically, it mentions Therapeutic Drug Monitoring (TDM) as a useful tool in optimizing drug doses to achieve higher therapeutic efficacy with reduced risk of adverse effects. The study suggests that inclusion of TDM in the routine clinical optimization of drug dosing for HIV-infected patients is associated with higher adherence to therapy, reduced length of hospitalization stay, and reduced cost of illness. However, it does not provide detailed information about specific ART medications used. For more information on specific ARV drugs, their mechanisms, side effects, and dosages, I would recommend consulting a reputable medical resource such as the World Health Organization (WHO) or National Institutes of Health (NIH)."
What is (are) Fragile X Syndrome ?,"Fragile X Syndrome is a genetic disorder that is the most common cause of inherited intellectual disability. It is characterized by mental retardation, and in many cases, it is associated with autism. The hallmark features of the syndrome include dysregulation of spine morphogenesis and exaggerated metabotropic glutamate receptor-dependent long-term depression, which are cellular substrates of learning and memory. The disorder is caused by the loss of a protein called fragile x mental retardation protein (FMRP)."
Do you have information about Carbohydrates,"Yes, I can provide some information about carbohydrates. Carbohydrates are a class of biomolecules that include sugars, starches, and cellulose. They are essential nutrients for humans, providing energy in the form of glucose when metabolized. In the context of the provided text, there is a focus on specific types of carbohydrates such as resistant starches (RS4), lactulose, and short-chain fatty acids (SCFAs) that are involved in digestion, postprandial responses, and symptoms in patients with Irritable Bowel Syndrome (IBS). In the first part of the text, there is a discussion about functional glycomics, an emerging field focused on identifying and assigning functions to all glycan molecules synthesized by an organism. This field includes databases like Bacterial Carbohydrate Structure Database (BCSDB) and Glycosciences.de portal that aim to support the understanding of carbohydrates' biological functions."
What is (are) Thoracic Outlet Syndrome ?,"Thoracic Outlet Syndrome (TOS) is a condition characterized by compression of neurovascular structures, typically affecting the brachial plexus, subclavian artery, or subclavian vein. It can cause various symptoms such as arm pain, numbness, weakness, and swelling in the affected arm. Diagnosis of TOS can be challenging due to its controversial treatment options and is not typically associated with a subpectoral mass, as reported in the case provided."
What is (are) Heat Illness ?,"Heat illness refers to a range of health conditions that occur as a result of exposure to high temperatures, usually during physical exertion or prolonged activity in hot weather. Common types of heat illness include heat cramps, heat exhaustion, and heat stroke. The symptoms can vary from mild (such as heavy sweating and muscle cramps) to severe (such as confusion, seizures, and organ failure). It's important to recognize the signs and seek immediate medical attention if necessary. Heat illness can be life-threatening, especially in vulnerable populations like the elderly or those with underlying health conditions."
What is (are) Ehlers-Danlos Syndrome ?,"Ehlers-Danlos Syndrome (EDS) is an autosomal dominant hereditary disorder that affects connective tissue. It can cause joint hypermobility, skin fragility, and a variety of other symptoms. It's important to note that there are several types of EDS, each with different genetic causes and varying severity."
What is (are) Gallstones ?,"Gallstones are small, hard deposits primarily made of cholesterol or bilirubin that form in the gallbladder. They can also form in other parts of the biliary system, such as the common bile duct. Gallstones may be asymptomatic, but they can cause symptoms like abdominal pain, nausea, and vomiting if they obstruct the flow of bile from the gallbladder. The presence of gallstones in a fetus is known as fetal cholelithiasis."
Do you have information about Native Hawaiian and Pacific Islander Health,"Yes, I can provide some information about the health of Native Hawaiians and other Pacific Islanders (NH/PI). In your text, it was mentioned that NH/PIs have higher type 2 diabetes prevalence compared to other groups in Hawaii. A study called ""Partners in Care (PIC), a culturally tailored, community-based, diabetes self-management education intervention (DSME)"" was effective at improving participants' glycemic control and self-care behaviors among NH/PI adults with type 2 diabetes. However, maintaining improvements was challenging, and diabetes-related social support groups (SSG) were a promising maintenance component for DSME. References:Shanks et al. (2012). Epidemiological isolation causing variable mortality in island populations during the 1918-1920 influenza pandemic. Influenza and Other Respiratory Viruses, 6(6), 417-423. Galvan et al. (2012). Partners in Care: a culturally tailored community-based diabetes self-management education intervention for Native Hawaiians and other Pacific Islanders with type 2 diabetes. Diabetes Education and Research, 8(6), 747-753."
What is (are) Esophagus Disorders ?,"The Esophagus Disorders mentioned in the context include: Eosinophilic Esophagitis (EOE): A chronic esophageal disease recognized for its gastrointestinal manifestations. Motility Disorders: These are disorders that affect the movement of food through the esophagus, as seen in the case of a non-specific esophageal motility disorder and Jackhammer Esophagus. Achalasia Cardia: A neuromuscular disorder affecting the body of the esophagus and lower esophageal sphincter (LES). It is characterized by aperistalsis of the body of the esophagus and failure of relaxation of LES. This disorder can occur in infants, but it's unusual in childhood and rare in infants. In addition to these, other esophageal disorders might include Gastroesophageal Reflux Disease (GERD), Barrett's Esophagus, etc., but they are not explicitly mentioned in the provided context."
Do you have information about Toddler Development,"Yes, I can provide some information about toddler development. In the context provided, the study was conducted to determine the developmental skills of 36-60 month old children in Isfahan. The domains assessed were communication, gross motor, fine motor, problem solving, and personal-social. The results indicated that some children had problems in the fine motor, problem solving, and gross motor domains.Toddler development is a critical period of growth and learning that lays the foundation for future academic success. During this stage, toddlers develop physically, emotionally, socially, and intellectually. Here are some key areas of toddler development: Physical Development: Toddlers learn to walk independently (usually between 12-14 months), run, climb, jump, throw balls, catch objects, and engage in other physical activities that help improve their motor skills. Cognitive Development: Toddlers begin to understand the concept of object permanence (objects continue to exist even when they cannot be seen), develop problem-solving skills, and start to remember things for short periods. They also start to learn about cause and effect, and develop spatial relationships. Language Development: Toddlers begin to use simple sentences, understand basic instructions, and start to develop social language like greetings, goodbyes, and expressions of emotion. Social and Emotional Development: Toddlers develop a sense of self, form attachments with caregivers, and learn to express emotions appropriately. They also begin to show empathy towards others and engage in pretend play. Learning through Play: Toddlers learn best through hands-on experiences, and play is an essential part of their learning process. They explore the world around them by touching, tasting, and manipulating objects. Fine Motor Skills: These include skills like grasping, manipulating small objects, drawing, and using utensils. Toddlers develop these skills through activities like building with blocks, playing with puzzles, or coloring. Gross Motor Skills: These involve large muscle movements such as walking, running, climbing, jumping, and throwing balls. Toddlers develop these skills by engaging in active play both indoors and outdoors. Problem-solving Skills: Toddlers begin to develop problem-solving skills by trying different strategies to achieve a goal or solve a problem. This is often seen when they try to stack blocks, fit shapes into holes, or solve simple puzzles. Social Skills: Toddlers learn to share toys, take turns, and cooperate with others during play. They also start to understand the concept of rules and begin to follow them in various situations.Emotional Development: Toddlers develop a range of emotions and begin to express these emotions appropriately. They learn to regulate their feelings and respond appropriately to different situations."
What is (are) Sleep Apnea ?,"Obstructive sleep apnea, often abbreviated as OSA, is a medical condition characterized by repetitive pauses in breathing during sleep due to an obstruction or blockage of the upper airway. This can lead to chronic snoring, morning headaches, increased body weight, high blood pressure, and excessive daytime sleepiness. OSA is often found to coexist with other conditions such as chronic obstructive pulmonary disease (COPD) in elderly individuals."
Do you have information about School Health,"Yes, the text provided discusses a review of studies focusing on the impact of water treatment, hygiene, and sanitary interventions on improving child health outcomes in schools. The review was conducted by searching databases like PubMed and Google Scholar for studies published between 2009 and 2012, specifically those that assessed the provision of water and sanitation in schools for children under 18 years old, wash practices, and English-language, full-text peer-reviewed papers. The findings indicated that child's age, gender, grade level, socioeconomic index, access to hygiene and sanitary facilities, and prior knowledge of hygiene practices were significantly associated with the outcomes. However, nutrition practices were rarely assessed. The conclusion was that further research is required to assess the long-term impact of such interventions in different settings."
What is (are) Managed Care ?,"Managed Care refers to healthcare systems designed to provide services to enrolled patients through utilization management, cost control, and care coordination. It typically functions under the model of capitation, where providers are paid a fixed amount for each patient per period of time, regardless of the actual number or cost of services provided. This approach aims to reduce healthcare costs while ensuring quality care."
Do you have information about Underage Drinking,"The provided text does not contain specific information about underage drinking. However, it does mention the prevalence of alcohol use among subjects aged 15 and older, but it doesn't differentiate between underage or legal-age drinkers in the results section. It is always important to note that underage drinking can have serious health and social consequences and should be addressed as a public health concern."
What is (are) Bladder Diseases ?,"Bladder diseases refer to a group of disorders that affect the urinary bladder. These include, but are not limited to:Mullerianosis of the urinary bladder: A rare and morphologically complex tumor-like lesion composed of several types of Mullerian lesions like endometriosis, endocervicosis, and endosalpingiosis. This disease occurs in women of reproductive age group.Interstitial cystitis/Bladder Pain Syndrome (IC/BPS): A heterogeneous chronic pelvic and bladder pain disorder with significant prevalence. The disease etiology is not well understood, and providing diagnosis and treatment can be challenging. Congenital Anomalies of the Kidney and Urinary Tract (CAKUT): A group of heterogeneous disorders that affect the kidneys, ureters, and bladder, often with asynchronous presentations and multiple CAKUT associations in the same individual. Ureterocele: A cystic dilation of the distal intramural ureter, which can lead to obstruction of urine flow, dilation of the ureter and renal pelvis, and loss of renal function. This anomaly is related to key steps in the urinary tract ontogenesis.Each of these bladder diseases has unique characteristics, pathogenesis, and genetic implications, as described in the context provided."
Do you have information about International Health,"Yes, I can provide some information on the topic of International Health. The concept of One Health was officially adopted in 1984 and is a multidisciplinary approach that combines human, animal, and environmental health components to address global health challenges with an ecological interconnectedness.In terms of zoonoses (diseases transmitted between animals and humans), there has been a significant increase in the adoption of the One Health approach over the past six years, particularly in developed countries. This approach has shown great potential benefits for addressing these issues but seems to be less embraced in developing countries where zoonoses have the greatest impact.There is also the International Centre for Reproductive Health (ICRH), which was established in 1994 following the UN Conference on Population and Development in Cairo. ICRH focuses on research, capacity building, fieldwork, and advocacy for sexual and reproductive health and HIV prevention with a global approach, operating projects in Africa, Latin America, Asia, and Europe.In the early 2000s, there was an upsurge in global financing for health, but progress on maternal health showed the least advancement. In response to this issue, the United Nations launched the Every Woman Every Child initiative in mid-2010 to address women's and children's health globally. However, the authors suggest that real progress requires international financing, as pledges need to become robust and reliable commitments, and they question whether the absence of an organizational structure in the current initiative will allow for a global maternal health financing revolution to occur."
What is (are) Cushing's Syndrome ?,"Cushing's Syndrome is a condition caused by prolonged exposure to glucocorticoids, either due to overproduction of cortisol by the adrenal glands or excessive intake of synthetic glucocorticoids. It is a common cause of secondary osteoporosis and can present with various symptoms such as moon face, buffalo hump, abdominal striae, and in some cases, non-traumatic fractures, which may be the initial manifestation of the syndrome. However, it's important to note that not all patients will exhibit these typical features. Cushing's Syndrome can be diagnosed through hormone studies and imaging tests like bone scans and bone mineral densitometry. After treatment, such as adrenalectomy in this case, the bony manifestations of Cushing's Syndrome can recover."
What is (are) Infectious Arthritis ?,"Infectious arthritis refers to inflammation of the joint caused by an infection. It can be a complication of procedures such as intraarticular corticosteroid injection, especially in patients with conditions like rheumatoid arthritis or those who are immunocompromised. Septic arthritis is a specific type of infectious arthritis caused by bacterial infection."
What is (are) Jaundice ?,"Jaundice is a condition characterized by the yellowing of skin, mucous membranes, or eyes due to an abnormal accumulation of bilirubin in the body. Bilirubin is a yellow substance produced by the liver as it breaks down red blood cells. In the context of the case summaries provided, jaundice was observed in both the domestic shorthair cat and in the 23-year-old female after cholecystectomy. The cause of jaundice varied between cases; in the cat, it was due to extrahepatic biliary duct obstruction caused by migrated hair shafts, while in the human, it was due to a subhepatic biloma causing extrinsic compression and obstruction of the common hepatic duct following cholecystectomy."
What is (are) Urinary Tract Infections ?,"Urinary Tract Infections (UTIs) are bacterial infections that affect parts of the urinary system, including the kidneys, bladder, ureters, and urethra. They are among the most common types of infections in both outpatient settings and hospital patients. UTIs can cause symptoms such as pain or a burning sensation during urination, frequent urges to urinate, and lower abdominal pain."
What is (are) Male Breast Cancer ?,"Male Breast Cancer refers to a form of cancer that develops in the tissues of the male breast. It's quite rare compared to female breast cancer due to the underdeveloped lobular structures in the male breast. However, it can still occur and should be considered when symptoms are present."
